"","organization","orgID","province","country"
"1","McGill University/Université McGill","CFAA","Québec","Canada"
"2","University of Toronto","CEAA","Ontario","Canada"
"3","University of British Columbia","CAAA","British Columbia","Canada"
"4","Université de Montréal","CFCA","Québec","Canada"
"5","Institut de recherches cliniques de Montréal","CFCN","Québec","Canada"
"6","Research Institute of the McGill University Health Centre/Institut de recherche du Centre universitaire de santé McGill","CFAC","Québec","Canada"
"7","Hospital for Sick Children (Toronto)","CEAB","Ontario","Canada"
"8","Sinai Health System (Toronto)","CEAD","Ontario","Canada"
"9","McMaster University","CEBA","Ontario","Canada"
"10","Centre hospitalier de l'Université de Montréal (CHUM)","ADWY","Québec","Canada"
"11","CIUSSS du Nord-de-l'Ile-de Montréal - Hôpital Sacré Coeur","CFCE","Québec","Canada"
"12","Université de Sherbrooke","CFDA","Québec","Canada"
"13","University Health Network (Toronto)","ADHD","Ontario","Canada"
"14","University of Alberta","CBAA","Alberta","Canada"
"15","University of Ottawa/Université d'Ottawa","CECA","Ontario","Canada"
"16","Queen's University (Kingston, Ontario)","CEDA","Ontario","Canada"
"17","University of Western Ontario","CEEA","Ontario","Canada"
"18","University of Manitoba","CDAA","Manitoba","Canada"
"19","University of Calgary","CBBA","Alberta","Canada"
"20","Montreal Children's Hospital/Hôpital de Montréal pour enfants","CFAB","Québec","Canada"
"21","University of Saskatchewan","CCAA","Saskatchewan","Canada"
"22","University of Lethbridge (Alberta)","CBCA","Alberta","Canada"
"23","Université Laval","CFBA","Québec","Canada"
"24","York University (Toronto, Ontario)","CEPA","Ontario","Canada"
"25","Dalhousie University (Nova Scotia)","CHAA","Nova Scotia","Canada"
"26","INRS - (Québec, QC)","CFJA","Québec","Canada"
"27","Sunnybrook Research Institute (Toronto, Ontario)","CEAF","Ontario","Canada"
"28","CIUSSS de l'Ouest-de-l'Ile-de-Montréal-Douglas Hospital/CIUSSS de l'Ouest-de-l'Ile-de-Montréal-Hôpital Douglas","CFAD","Québec","Canada"
"29","Montreal Heart Institute/Institut de cardiologie de Montréal","CFCK","Québec","Canada"
"30","University of Victoria (British Columbia)","CABA","British Columbia","Canada"
"31","Unity Health Toronto","CEAJ","Ontario","Canada"
"32","Concordia University (Montreal, Quebec)/Université Concordia","CFGA","Québec","Canada"
"33","Centre for Addiction and Mental Health (Toronto)/Centre de toxicomanie et de santé mentale","CEAH","Ontario","Canada"
"34","Robarts Research Institute - U.W.O. (London, Ont.)","CPCV","Ontario","Canada"
"35","Ottawa Hospital General Campus (Ottawa Ontario)/Hôpital général d'Ottawa","OHGC","Ontario","Canada"
"36","Alberta Health Services","CBAC","Alberta","Canada"
"37","CIUSSS de Centre-Ouest-de-l'Ile-de-Montréal-Jewish General/CIUSSS de Centre-Ouest-de-l'Ile-de-Montréal-Hôpital juif","CFAF","Québec","Canada"
"38","Centre hospitalier universitaire Sainte-Justine (Montréal, Québec)","CFCF","Québec","Canada"
"39","CIUSSS Est-de-l'Ile-de- Montréal-Maisonneuve Rosemont","CFCC","Québec","Canada"
"40","Baycrest Centre for Geriatric Care (Toronto)","ABPI","Ontario","Canada"
"41","Laurentian University of Sudbury/Université Laurentienne","CEKA","Ontario","Canada"
"42","University of Guelph","CEHA","Ontario","Canada"
"43","Simon Fraser University (Burnaby, B.C.)","CACA","British Columbia","Canada"
"44","Université du Québec à Montréal","CFEB","Québec","Canada"
"45","Thompson Rivers University (Kamloops, BC)","ADZX","British Columbia","Canada"
"46","Memorial University of Newfoundland","CJAA","Newfoundland and Labrador","Canada"
"47","Polytechnique Montréal","ABPQ","Québec","Canada"
"48","Health Services Utilization and Research Commission (Saskatoon)","ADUB","Saskatchewan","Canada"
"49","CIUSSS de l'Est-de-l'lle-de-Montréal-Santé Mentale","CFAG","Québec","Canada"
"50","Université du Québec à Trois-Rivières","CFEC","Québec","Canada"
"51","Health Sciences North (Sudbury)/Horizon Santé-Nord (Sudbury)","ADES","Ontario","Canada"
"52","Ottawa Hospital Research Institute/Institut de recherche de l'Hôpital d'Ottawa","ADYP","Ontario","Canada"
"53","Carleton University (Ottawa)","CEGA","Ontario","Canada"
"54","University of Regina (Saskatchewan)","CCBA","Saskatchewan","Canada"
"55","University of Waterloo (Ontario)","CENA","Ontario","Canada"
"56","CIUSSS du Centre-Sud-de-l'Île-de-Montréal (Montréal, Québec)","CFCL","Québec","Canada"
"57","University of New Brunswick (Fredericton)","CGAA","New Brunswick","Canada"
"58","Children's Hospital of Eastern Ontario Research Institute Inc/Institut recherche Centre hospitalier pour enfants de l'est de l'Ontario","CECC","Ontario","Canada"
"59","Institute for Work & Health (Toronto)","ADZY","Ontario","Canada"
"60","Trent University (Peterborough, Ontario)","CEMA","Ontario","Canada"
"61","The Arthritis Society, BC and Yukon Division","CADB","British Columbia","Canada"
"62","Arthritis Research Centre Society of Canada (British Columbia)","INYR","British Columbia","Canada"
"63","Lakehead University (Thunder Bay, Ontario)","CEJA","Ontario","Canada"
"64","Direct payment to individual outside Canada/Versement direct à un invididu à l'extérieur du Canada","ZXXB","Unknown/Inconnu","Unspecified/Non Spécifié"
"65","Direct payment to organization outside Canada/Versement direct à un organisation à l'extérieur du Canada","ZXXA","Unknown/Inconnu","Unspecified/Non Spécifié"
"66","University of Prince Edward Island (Charlottetown)","CKAA","Prince Edward Island","Canada"
"67","St. Paul's Hospital, Vancouver","CAAF","British Columbia","Canada"
"68","Duke University (North Carolina)","SHCA","North Carolina","United States"
"69","Bio-Méga/Boehringer Ingelheim (Laval, Québec)","ADSL","Québec","Canada"
"70","Ottawa Hospital Research Institute","CECE","Ontario","Canada"
"71","Undetermined/Indeterminé","XXXX","Unknown","Unknown"
"72","Direct payment to individual inside Canada/Versement direct à un invididu à l'intérieur du Canada","ZXXX","Unknown/Inconnu","Canada"
"73","Unspecified/Non Spécifié","YYYY","Unknown","Unspecified/Non Spécifié"
"74","St. Joseph's Hospital (Hamilton, Ontario)","CEBD","Ontario","Canada"
"75","Alberta Innovates Corporation (Edmonton)","INRC","Alberta","Canada"
"76","University of Ottawa Heart Institute/Institut de cardiologie de l'Université d'Ottawa","ABDZ","Ontario","Canada"
"77","National Jewish Centre (Denver)","BAIE","Colorado","United States"
"78","B.C. Children's Hospital (Vancouver)","CAAG","British Columbia","Canada"
"79","University of Houston (Texas)","ABIB","Texas","United States"
"80","Montreal General Hospital/Hôpital général de Montréal","CFAI","Québec","Canada"
"81","University of Chicago (Illinois)","UNBB","Illinois","United States"
"82","Regina Qu'Appelle Health Region (Saskatchewan)","AEFY","Saskatchewan","Canada"
"83","CIUSSS de l'Ouest de-l'Ile-de-Montréal-Cavendish","INVX","Québec","Canada"
"84","Toronto General Hospital","CEAG","Ontario","Canada"
"85","Cleveland Clinic Lerner Research Institute (Cleveland, Ohio)","CLCF","Ohio","United States"
"86","Merck Frosst Canada Inc. (Quebec)","INBK","Québec","Canada"
"87","University of Virginia (Charlottesville)","SUAA","Virginia","United States"
"88","Université du Québec à Chicoutimi","CFED","Québec","Canada"
"89","Ryerson University (Toronto)","ABAF","Ontario","Canada"
"90","CancerCare Manitoba","INWC","Manitoba","Canada"
"91","AstraZeneca R & D (Montreal, Quebec)","INYF","Québec","Canada"
"92","Université de Moncton (New Brunswick)","CGBA","New Brunswick","Canada"
"93","University of Windsor (Ontario)","CEOA","Ontario","Canada"
"94","Okanagan University College (British Columbia)","ADWP","British Columbia","Canada"
"95","Canadian Policy Research Networks (Ottawa)","CANP","Ontario","Canada"
"96","Wilfrid Laurier University (Waterloo, Ontario)","CELA","Ontario","Canada"
"97","Boston Children's Hospital (Boston, MA)","UVBB","Massachusetts","United States"
"98","CNRS (Bordeaux, France)","FAAC","Unknown/Inconnu","France"
"99","Toronto Rehabilitation Institute-UHN","IOAA","Ontario","Canada"
"100","B.C. Cancer Research Centre (Vancouver)","CAAH","British Columbia","Canada"
"101","Centre of Excellence for Women's Health (Vancouver, BC)/Centres d'excellence pour la Santé des Femmes","IRAT","British Columbia","Canada"
"102","University of Northern British Columbia","ADQW","British Columbia","Canada"
"103","Hôpital Lariboisière (France)","BAMC","Unknown/Inconnu","France"
"104","Albany Medical College (New York)","AAVX","New York","United States"
"105","Dana-Farber Cancer Institute (Boston)","UVBC","Massachusetts","United States"
"106","Toronto Western Hospital","CEAC","Ontario","Canada"
"107","Hôpital Notre-Dame (Montréal)","CFCD","Québec","Canada"
"108","Center for Infectious Diseases","UKAA","Georgia","United States"
"109","Institut universitaire de gériatrie de Sherbrooke","AEIF","Québec","Canada"
"110","Mount Saint Vincent University (Halifax)","CHFA","Nova Scotia","Canada"
"111","University of Manchester (England)","AAHI","Unknown/Inconnu","United Kingdom"
"112","IWK Health Centre (Halifax)","IWKI","Nova Scotia","Canada"
"113","Hôtel-Dieu de Montréal (Montréal)","CFCH","Québec","Canada"
"114","Harvard University (Massachusetts)","UVAA","Massachusetts","United States"
"115","Health and Community Services Board","INZI","Newfoundland and Labrador","Canada"
"116","British Columbia Ministry of Health (Victoria)","AABM","British Columbia","Canada"
"117","B.C. Centre for Disease Control (Vancouver)","ABUZ","British Columbia","Canada"
"118","St. Thomas University (Fredericton, New Brunswick)","AAON","New Brunswick","Canada"
"119","Acadia University (Nova Scotia)","CHBA","Nova Scotia","Canada"
"120","INRS-Institut Armand-Frappier (Laval)","CFEG","Québec","Canada"
"121","Emory University (Atlanta, Georgia)","AACO","Georgia","United States"
"122","Royal Victoria Hospital (Montreal)/Hôpital Royal Victoria","CFSA","Québec","Canada"
"123","First Nations University of Canada - Main Campus (Regina, Saskatchewan)","ISAF","Saskatchewan","Canada"
"124","CIET Canada (Ottawa)","CIET","Ontario","Canada"
"125","Université du Québec en Outaouais","CFEF","Québec","Canada"
"126","St. Francis Xavier University (Nova Scotia)","CHCA","Nova Scotia","Canada"
"127","Organizations inside Canada","INTV","Unknown/Inconnu","Canada"
"128","Canadian Memorial Chiropractic College (Ontario)","CPCA","Ontario","Canada"
"129","Brock University (Ontario)","CEFA","Ontario","Canada"
"130","Université du Québec en Abitibi-Témiscamingue","AEFF","Québec","Canada"
"131","Cape Breton University","IQAJ","Nova Scotia","Canada"
"132","Vancouver Hospital & Health Sciences Centre","ISAS","British Columbia","Canada"
"133","Children's Hospital Foundation","INTP","Manitoba","Canada"
"134","University of Winnipeg","CDBA","Manitoba","Canada"
"135","Athabasca University (Alberta)","ADXS","Alberta","Canada"
"136","Mount Allison University (New Brunswick)","CGCA","New Brunswick","Canada"
"137","Saint Mary's University (Nova Scotia)","CHDA","Nova Scotia","Canada"
"138","Neil Squire Society (Vancouver)","AABN","British Columbia","Canada"
"139","Mental Health Centre (Penetanguishine)","CEQA","Ontario","Canada"
"140","INRS-Institut Armand-Frappier (Pointe-Claire)","CFJB","Québec","Canada"
"141","Canadian Blood Services (Ottawa)/Société canadienne du sang (Ottawa)","CEAV","Ontario","Canada"
"142","Hincks-Dellcrest Centre (North York, Ont.)","HDEL","Ontario","Canada"
"143","Ontario Health - CCO (Toronto)","AEGL","Ontario","Canada"
"144","Canadian Institute for the Relief of Pain and Disability","IRPD","British Columbia","Canada"
"145","Meakins Christie Labs (Québec)","AAZR","Québec","Canada"
"146","Lady Davis Institute for Medical Research (Mtl)","ABFJ","Québec","Canada"
"147","St. Boniface Gen. Hospital Research Fdn. Inc.","INTA","Manitoba","Canada"
"148","University of King's College (Nova Scotia)","CUKC","Nova Scotia","Canada"
"149","Stanford University (California)","UEBA","California","United States"
"150","Holland Bloorview Kids Rehabilitation Hospital (Toronto)","CEAS","Ontario","Canada"
"151","Centre hospitalier de l'Université Laval (Québec)","CFBC","Québec","Canada"
"152","Cancer Research Society Inc.","INRL","Ontario","Canada"
"153","Canadian Cancer Society Research Institute (Toronto)","INSJ","Ontario","Canada"
"154","École de technologie supérieure (Montréal)","ADLD","Québec","Canada"
"155","Alzheimer Society of Canada","INRF","Ontario","Canada"
"156","Universidade Federal de Santa Catarina (Brazil)","ADML","Unknown/Inconnu","Brazil"
"157","Lakeridge Health Corporation Research Institute","RILH","Ontario","Canada"
"158","Access Alliance Multicultural Community Health Ctr","DOLR","Ontario","Canada"
"159","Canadian Genetic Diseases Network (Vancouver)","IPAU","British Columbia","Canada"
"160","Institute of Health Economics (Edmonton)","IECO","Alberta","Canada"
"161","University of California (Davis)","AABB","California","United States"
"162","Université Libre de Bruxelles (Belgium)","XEAJ","Unknown/Inconnu","Belgium"
"163","London Health Sciences Centre Res. Inc. (Ont.)","LHSI","Ontario","Canada"
"164","Riverview Hospital (Port Coquitlam, B.C.)","CAAM","British Columbia","Canada"
"165","National Research Council of Canada (Montréal)","CECS","Québec","Canada"
"166","Society of Cardiac Surgeons (Quebec)","SCSQ","Québec","Canada"
"167","Canadian Assoc. for Lab. Animal Science (Winnipeg)","CALA","Manitoba","Canada"
"168","Hôpital du Saint-Sacrement (Québec)","CFCG","Québec","Canada"
"169","McGill University Health Centre/Centre Universitaire de Santé McGill","INUD","Québec","Canada"
"170","Centre Hospitalier Universitaire de Québec","AEHD","Québec","Canada"
"171","Vancouver Island Health Authority","VIHA","British Columbia","Canada"
"172","National Aboriginal Health Organization (Ottawa)","NAHC","Ontario","Canada"
"173","TRIUMF (Vancouver, BC)","ABBI","British Columbia","Canada"
"174","Brain Canada Foundation (Montreal, Québec)","INXM","Québec","Canada"
"175","C.N.R.S. (France)","BAHE","Unknown/Inconnu","France"
"176","Brandon University (Manitoba)","CDCA","Manitoba","Canada"
"177","University of Alberta Hospital (Edmonton)","CBAD","Alberta","Canada"
"178","University of Birmingham (U.K.)","AAKF","Unknown/Inconnu","United Kingdom"
"179","BC Cancer, part of PHSA (Vancouver)","BCAV","British Columbia","Canada"
"180","Royal Jubilee Hospital (Victoria, BC)","CPVZ","British Columbia","Canada"
"181","SIDA AIDS Moncton Inc (Moncton, NB)","SAMI","New Brunswick","Canada"
"182","Canadian AIDS Society (Ottawa)","CANA","Ontario","Canada"
"183","COCQ-Sida (Montréal, Québec)","COCQ","Québec","Canada"
"184","Ontario AIDS Network (Toronto, Ontario)","OANE","Ontario","Canada"
"185","Positive Living Society of British Columbia (Vancouver, B.C.)","BCPW","British Columbia","Canada"
"186","Alberta Community Council on HIV (Edmonton, AB)","ACCH","Alberta","Canada"
"187","2-Spirited People of the 1st Nations (Toronto, Ontario)","SPIR","Ontario","Canada"
"188","Canadian Aboriginal AIDS Network (Vancouver)/Réseau canadien autochtone du SIDA (Vancouver)","CABO","British Columbia","Canada"
"189","Positive Living North: No kheyoh t'sih'en t'ehena Society(Prince George BC)","POSI","British Columbia","Canada"
"190","Community-Based Research Centre (Vancouver B.C.)","CBRC","British Columbia","Canada"
"191","AIDS Calgary Awareness Association","ADFK","Alberta","Canada"
"192","AIDS Committee of Toronto","AIDT","Ontario","Canada"
"193","Sexuality Education Resource Centre (Winnipeg, Manitoba)","SEXU","Manitoba","Canada"
"194","ÉMISS-ÈRE (Longueil, Québec)","EMIS","Québec","Canada"
"195","Canadian Treatment Action Council (Toronto, Ontario)","CTAC","Ontario","Canada"
"196","RÉZO (Québec)","ACTI","Québec","Canada"
"197","Commission de santé/services soc. des Premières Nations du Qué & Labrador","CSSP","Québec","Canada"
"198","University of Ontario Institute of Technology","UOIT","Ontario","Canada"
"199","Canadian Association of Gastroenterology (Oakville, Ontario)/L'Association Canadienne de Gastroentérologie","INPW","Ontario","Canada"
"200","Assembly of First Nations (Ottawa, ON)","ASSE","Ontario","Canada"
"201","Canadian Medical Association (Ottawa)/Association médicale canadienne","ABDT","Ontario","Canada"
"202","Interior Health Authority (Kelowna, BC)","NORI","British Columbia","Canada"
"203","National Aboriginal Diabetes Association (Winnipeg, Manitoba)/Association Nationale Autochtone du Diabète (Winnipeg, Manitoba)","NADA","Manitoba","Canada"
"204","Society of Gynecologic Oncology Canada (Hamilton, Ontario)","SGOC","Ontario","Canada"
"205","Johns Hopkins University (Baltimore, Maryland)","UUAA","Maryland","United States"
"206","Inst. de rech. Robert-Sauvé en santé et en sécurité du travail (QC)","ADXZ","Québec","Canada"
"207","Charles LeMoyne Hospital (Greenfield Park, Québec)/Hôpital Charles LeMoyne (Greenfield Park, Québec)","ABQJ","Québec","Canada"
"208","Canadian Bioethics Society (Calgary, Alberta)","CBSS","Alberta","Canada"
"209","National Council on Ethics in Human Research/Conseil national d'éthique en recherche chez l'humain","CEHR","Ontario","Canada"
"210","Brescia University College (London, Ontario)","BCMU","Ontario","Canada"
"211","Fife House (Toronto, Ontario)","FIFE","Ontario","Canada"
"212","Nine Circles Community Health Centre (Manitoba)","NINE","Manitoba","Canada"
"213","Canadian AIDS Treatment Information Exchange (Toronto, Ontario)/Réseau canadian d'info-traitements sida","CATI","Ontario","Canada"
"214","Vancouver Island University (Nanaimo, BC)","MALU","British Columbia","Canada"
"215","Canadian Hemophilia Society (Montreal)","CFAL","Québec","Canada"
"216","Traffic Injury Research Foundation of Canada (Ottawa)","CPDA","Ontario","Canada"
"217","Saint Paul University (Ottawa)/Université Saint Paul (Ottawa)","INVH","Ontario","Canada"
"218","Université du Québec","CFEA","Québec","Canada"
"219","Inuit Tapiriit Kanatami (Ottawa)","NUIT","Ontario","Canada"
"220","Canadian Mental Health Association (Ottawa)","AACW","Ontario","Canada"
"221","University of Ottawa Institute of Mental Health Research/Institut de recherche en santé mentale de l'Université d'Ottawa","IMHR","Ontario","Canada"
"222","Calgary Health Region","IRAL","Alberta","Canada"
"223","The Vancouver Friends For Life Society (British Columbia)","VFFL","British Columbia","Canada"
"224","Cree Board of Health & Social Services (Quebec)/Conseil Cri de la Santé et des Services sociaux de la Baie-James","CREE","Québec","Canada"
"225","Fraser Health Authority (Surrey, BC)","FRAS","British Columbia","Canada"
"226","King's College Hospital (London, England)","AAAM","England","United Kingdom"
"227","Canadian Massage Therapist Alliance (Oakville, Ontario)","CMTA","Ontario","Canada"
"228","Royal Roads University (Victoria, BC)","ROYL","British Columbia","Canada"
"229","Women's College Hospital (Toronto)","CEAN","Ontario","Canada"
"230","Canadian Public Health Association (Ottawa, Ontario)","CPIA","Ontario","Canada"
"231","The Ottawa Hospital - Civic Campus/L'Hôpital d'Ottawa - Campus Civic","CECB","Ontario","Canada"
"232","Association of Local Public Health Agencies (Toronto, Ontario)","ALPH","Ontario","Canada"
"233","Genome Canada (Ottawa, Ontario)","GENC","Ontario","Canada"
"234","Native Women's Association of Canada (Ottawa)","NTWO","Ontario","Canada"
"235","Canadian Foundation for Healthcare Improvement (Ottawa)","INXF","Ontario","Canada"
"236","Biotika Inc. (Quebec)","BIIN","Québec","Canada"
"237","Fonds de recherche du Québec - Santé (FRQS)","INRZ","Québec","Canada"
"238","Saskatoon Health Region (Saskatchewan)","SHEA","Saskatchewan","Canada"
"239","Pauktuutit Inuit Women of Canada (Ottawa)","ABYK","Ontario","Canada"
"240","HEC Montréal","HECM","Québec","Canada"
"241","Institute of Naturopathic Education and Research (Toronto)","CNME","Ontario","Canada"
"242","Alberta Mental Health Board","AMHB","Alberta","Canada"
"243","Consortium of Canadian Centres for Clinical Cognitive Research","CCCR","Alberta","Canada"
"244","Victoria Heart Institute Foundation (Victoria, BC)","VICH","British Columbia","Canada"
"245","Canadian Association for Health Services and Policy Research (Ottawa, Ont)","CAHS","Ontario","Canada"
"246","National Case Management Network of Canada (London, Ontario)/Reseau National des gestionnaire de cas du Canada","NCMN","Ontario","Canada"
"247","Portuguese-Canadian National Congress (Toronto, Ontario)","PCNC","Ontario","Canada"
"248","Canadian Coalition for Global Health Research (Wakefield, QC)/Coalition Canadienne pour la Recherche en Santé Mondiale","CCGH","Québec","Canada"
"249","Alberta Bone and Joint Health Institute (Calgary, AB)","ABJH","Alberta","Canada"
"250","Ontario HIV Treatment Network","OHTN","Ontario","Canada"
"251","Centre for Drug Research and Development (Vancouver, BC)","CDRD","British Columbia","Canada"
"252","Advanced Applied Physics Solutions, Inc. (Richmond, BC)","ADAP","British Columbia","Canada"
"253","Prostate Centre's Translational Res Init Acc Disc & Development","PCTR","British Columbia","Canada"
"254","Centre d'excellence en médecine personnalisée (Montréal, QC)","CEMP","Québec","Canada"
"255","Centre for Commercialization of Research (Ottawa, Ontario)","CCRE","Ontario","Canada"
"256","CECR in the Prevention of Epidemic Organ Failure","PROO","British Columbia","Canada"
"257","Pan-Provincial Vaccine Enterprise","PREV","Saskatchewan","Canada"
"258","Institute for Research in Immun & Cancer/CECR in Therapeutics Discovery(QC)","IRCA","Québec","Canada"
"259","MaRS Innovation","MARI","Ontario","Canada"
"260","Centre for Probe Development and Commercialization (Hamilton)","PROB","Ontario","Canada"
"261","Markham Museum (Markham, Ontario)","MMOO","Ontario","Canada"
"262","University of Newcastle upon Tyne (UK)","EFAA","Unknown/Inconnu","United Kingdom"
"263","All Nations Hope Network (Regina, Saskatchewan)","ALNA","Saskatchewan","Canada"
"264","Canadian Breast Cancer Research Alliance","BCRA","Ontario","Canada"
"265","Canadian Association of Psychosocial Oncology (Toronto, Ontario)/Association Canadienne d'Oncologie Psychosociale","CAPO","Ontario","Canada"
"266","Ottawa Heart Institute Research Corporation (Ontario)","OHIR","Ontario","Canada"
"267","International Health Economics Association (Hubley, NS)","IHEA","Nova Scotia","Canada"
"268","The Marigold Foundation Ltd. (Calgary, Alberta)","MFOL","Alberta","Canada"
"269","Amyotrophic Lateral Sclerosis Society of Canada/Société canadienne de la Sclérose Latérale Amyotrophie","INTC","Ontario","Canada"
"270","Ecole nationale d'administration publique (Québec)","ENAP","Québec","Canada"
"271","Canadian Society for Life Science Research (Kingston, Ontario)","CSLS","Ontario","Canada"
"272","Occupational and Environmental  Medical Association of Canada (Quebec)/Association Canadienne de la Médecine du Travail et de l'Environement (QC)","VIME","Québec","Canada"
"273","Nipissing University (North Bay)","ABPJ","Ontario","Canada"
"274","Canadian Society for International Health (Ottawa)/Société canadienne de santé internationale (Ottawa)","CSIH","Ontario","Canada"
"275","The Hearing Foundation of Canada","HFCC","Ontario","Canada"
"276","Canadian Lung Association (Ottawa)","INRU","Ontario","Canada"
"277","Canadian Palliative Care Association","INUQ","Ontario","Canada"
"278","Toronto Public Health (Ont.)","TPHL","Ontario","Canada"
"279","Down Syndrome Research Foundation (Burnaby, BC)","DSRF","British Columbia","Canada"
"280","Let's Talk Science","LUTS","Ontario","Canada"
"281","Canadian Commission for UNESCO (Ottawa, Ontario)/Commission canadienne pour l'UNESCO","CCUN","Ontario","Canada"
"282","Canadian Chiropractic Research Foundation","INUC","Ontario","Canada"
"283","Canadian Dental Hygienists Association (Ottawa, Ontario)","CDHA","Ontario","Canada"
"284","Canadian Paediatric Society (Ontario)/Société canadienne de pédiatrie","CPJA","Ontario","Canada"
"285","BC Non-Profit Housing Association (Vancouver)","BCNP","British Columbia","Canada"
"286","The North-South Institute (Ottawa, ON)/L'Institut Nord-Sud (Ottawa, ON)","NSIN","Ontario","Canada"
"287","Institut national de santé publique du Québec","NNSP","Québec","Canada"
"288","Planned Parenthood of Toronto","PLPT","Ontario","Canada"
"289","The City of Calgary","CALG","Alberta","Canada"
"290","Health Charities Coalition of Canada","HCCC","Ontario","Canada"
"291","Hamilton Social & Public Health Services Dept.","HAMI","Ontario","Canada"
"292","Canadian Sleep Society (Montreal)/Société Canadienne du sommeil (Montréal)","SCCO","Québec","Canada"
"293","Canadian Society for Immunology","CSIM","British Columbia","Canada"
"294","Atlantic Health Sciences Corporation (NB)","ADZU","New Brunswick","Canada"
"295","Parkinson Society Canada (Toronto)","INSZ","Ontario","Canada"
"296","Science World British Columbia","SWBC","British Columbia","Canada"
"297","Arthritis Society","CPBA","Ontario","Canada"
"298","Canadian Arthritis Patient Alliance (Quebec)","CAPA","Québec","Canada"
"299","Bone and Joint Decade Canada (Toronto, Ontario)/Décennie des os et des articulations au Canada","BJDC","Ontario","Canada"
"300","Canadian Coalition for Seniors Mental Health (Toronto, ON)","CCSM","Ontario","Canada"
"301","St. Joseph's Care Group (Thunder Bay, Ontario)","SJCG","Ontario","Canada"
"302","Canadian Red Cross Society (Ottawa, Ontario)","INSR","Ontario","Canada"
"303","Canadian Nurses Association (Ottawa)/Association des infirmières et infirmiers du Canada (Ottawa)","CNUR","Ontario","Canada"
"304","THEMUSEUM (Kitchener, Ontario)","THMU","Ontario","Canada"
"305","Science North (Sudbury, ON)","SNOR","Ontario","Canada"
"306","Longwoods Publishing Corporation","LONG","Ontario","Canada"
"307","Centre for Surgical Invention and Innovation (Hamilton, ON)","SINV","Ontario","Canada"
"308","ArboraNano - Canadian Forest NanoProducts Network","NANO","Québec","Canada"
"309","Quebec Consortium for Drug Discovery/Consortium québécois sur la découverte du médicament","CQDM","Québec","Canada"
"310","Victorian Order of Nurses for Canada (Ottawa)/Les Infirmières de l'Ordre de Victoria du Canada","AACK","Ontario","Canada"
"311","Université du Québec à Rimouski","CFEE","Québec","Canada"
"312","Thames Valley Children's Centre (London, Ontario)","CEEH","Ontario","Canada"
"313","Canadian HIV/AIDS Legal Network (Toronto)","HIVL","Ontario","Canada"
"314","Sheridan College (Ontario)","AAWX","Ontario","Canada"
"315","Canadian Association of Nurses in Oncology","CANO","British Columbia","Canada"
"316","Trinity Western University (Langley, BC)","INWU","British Columbia","Canada"
"317","Canadian Pharmacists Association (Ottawa, Ontario)/Association des pharmaciens du Canada","CPAS","Ontario","Canada"
"318","Canadian Association of Research Ethics Boards (Ottawa)/L'association canadienne des comités d'éthique de la recherche (Ottawa)","AREB","Ontario","Canada"
"319","Northern Ontario School of Medicine - West Campus","NOWE","Ontario","Canada"
"320","Autism Society Canada","TASC","Ontario","Canada"
"321","Women's Health in Women's Hands (Toronto)","WHWH","Ontario","Canada"
"322","OCAD University (Toronto, Ontario)","OCOL","Ontario","Canada"
"323","Association of Canadian Academic Healthcare Organizations/Association canadienne des Institutions de sante universitaires","AHAO","Ontario","Canada"
"324","Canadian Diabetes Association -North East Ontario Regional Office (Sudbury)","CDIN","Ontario","Canada"
"325","Canadian Cancer Society, New Brunswick Division","AECD","New Brunswick","Canada"
"326","Council of Academic Hospitals of Ontario (Toronto)","COAH","Ontario","Canada"
"327","RésoSanté Colombie-Britannique (Vancouver)","RECO","British Columbia","Canada"
"328","Safe Kids Canada, Hospital for Sick Children","KIDS","Ontario","Canada"
"329","Sherbourne Health Centre (Toronto, Ontario)","SHHC","Ontario","Canada"
"330","Saskatchewan Health Research Foundation","SHRF","Saskatchewan","Canada"
"331","Bruyère Research Institute/Institut de recherche Bruyère","BRUY","Ontario","Canada"
"332","Youth Science Canada (Toronto, Ontario)","YSFC","Ontario","Canada"
"333","Canadian Biotechnology Education Resource Centre","CBER","Ontario","Canada"
"334","ACTUA","ACTU","Ontario","Canada"
"335","Canadian Medical Hall of Fame","CMHF","Ontario","Canada"
"336","Dream Catcher Mentoring","DRCA","Ontario","Canada"
"337","Canadian Centre on Disability Studies (Winnipeg)","CCDS","Manitoba","Canada"
"338","Canadian Society for Exercise Physiology (Ottawa, Ontario)/Société canadienne de physiologie de l'exercise","CSEP","Ontario","Canada"
"339","Obesity Canada (Edmonton, AB)","CAOB","Alberta","Canada"
"340","Ontario Institute for Cancer Research (Toronto, Ontario)/Institut ontarien de recherche sur le cancer","OICR","Ontario","Canada"
"341","Association of Ontario Midwives (Toronto, Ontario)","AOMW","Ontario","Canada"
"342","The Canadian Centre for Activity and Aging,(London","CNAV","Ontario","Canada"
"343","Scleroderma Society of Canada (Calgary, Alberta)/Société canadienne de sclérodermie","SSCA","Alberta","Canada"
"344","National Network for Mental Health (St. Catharines, Ont)/Réseau national pour la santé mentale","NNMH","Ontario","Canada"
"345","Canadian Hearing Society Foundation (Toronto)","ABPS","Ontario","Canada"
"346","Nova Scotia Health Authority (Halifax)","ISAO","Nova Scotia","Canada"
"347","Wellesley Institute (Toronto, Ontario)","WEIN","Ontario","Canada"
"348","Bishop's University (Quebec)","CFFA","Québec","Canada"
"349","Ovarian Cancer Canada (Toronto)","NOCA","Ontario","Canada"
"350","Canadian Neurological Sciences Federation (Calgary, AB)/Fédération des sciences neurologiques du Canada","CNSF","Alberta","Canada"
"351","Mount Royal University (Calgary, Alberta)","MROY","Alberta","Canada"
"352","The Foundation Fighting Blindness (Canada)","INSI","Ontario","Canada"
"353","The Wood Buffalo HIV & AIDS Society (Fort McMurray, AB)","WBHA","Alberta","Canada"
"354","Asian Community AIDS Services (Toronto, Ontario)","ASCO","Ontario","Canada"
"355","Cystic Fibrosis Canada","INRM","Ontario","Canada"
"356","Yukon University","ABYC","Yukon","Canada"
"357","First Nations University of Canada - Northern Campus (Prince Albert, Sask)","FIRS","Saskatchewan","Canada"
"358","Alzheimer Society of Saskatchewan","ASOS","Saskatchewan","Canada"
"359","The SHARP Foundation (Calgary, Alberta)","TSFO","Alberta","Canada"
"360","Kahnawake Schools Diabetes Prevention Project (Quebec)","KAHD","Québec","Canada"
"361","Active Healthy Kids Canada (Toronto, ON)","AHKC","Ontario","Canada"
"362","Friends of Canadian Institutes of Health Research (Toronto, ON)/Les Amis des IRSC (Toronto, ON)","FCIH","Ontario","Canada"
"363","Cape Breton Regional Hospital (Sydney, Nova Scotia)","CBRH","Nova Scotia","Canada"
"364","Canadian Psychiatric Research Foundation","INSX","Ontario","Canada"
"365","Registered Nurses Association of Ontario (Mississauga, Ontario )/Association des infirmières et infirmiers autorisés de l'Ontario","RNAO","Ontario","Canada"
"366","Multiple Sclerosis Society of Canada","INSG","Ontario","Canada"
"367","Manning Innovation Awards (Calgary, Alberta)","MANI","Alberta","Canada"
"368","Association des communicateurs scientifiques du Québec (Montréal, QC)","ASCS","Québec","Canada"
"369","Canadian Council on Animal Care (Ottawa)","CPVG","Ontario","Canada"
"370","Centre for Imaging Technology Commercialization (London ON)","TCOM","Ontario","Canada"
"371","Centre for Commercialization of Regenerative Medicine (Toronto)","ENRE","Ontario","Canada"
"372","Public Health Agency of Canada","HCPP","Ontario","Canada"
"373","Canadian Foundation for Women's Health/Fondation canadienne de la santé des femmes","CFWH","Ontario","Canada"
"374","Institute for Circumpolar Health Research (Yellowknife, NWT)","ICHR","North West Territories","Canada"
"375","Ontario Agency for Health Protection and Promotion (Toronto, Ontario)/L'Agence ontarienne de protection et de promotion de la santé","OAHP","Ontario","Canada"
"376","Pacific AIDS Network (Vancouver, BC)","PANE","British Columbia","Canada"
"377","Emily Carr University of Art & Design (Vancouver, BC)","ECIA","British Columbia","Canada"
"378","Centre de Santé et de services sociaux de la Vieille Capitale","IELL","Québec","Canada"
"379","Tlicho Community Services Agency (NWT)","TLIC","North West Territories","Canada"
"380","Canadian Science Writers Association (Toronto ONT)","CSWA","Ontario","Canada"
"381","Science and Technology Awareness Network","SATA","Ontario","Canada"
"382","Niagara College Canada - Niagara-on-the-Lake Campus (Ontario)","NCOL","Ontario","Canada"
"383","Canadian Nutrition Society (Ottawa, Ontario)/Société canadienne de nutrition","CNSS","Ontario","Canada"
"384","Canadian Association of University Research Administrators (Tantallon, NS)/Assoc. canad d'administrateurs de recherche universitaire (Tantallon, NS)","CAUR","Nova Scotia","Canada"
"385","Royal Canadian Institute for the Advancement of Science","RCIA","Ontario","Canada"
"386","Canadian Nurses Foundation (Ontario)","CECH","Ontario","Canada"
"387","Canada's Research Based Pharmaceutical Co. (Rx&D)","INUX","Ontario","Canada"
"388","Canadian Digestive Health Foundation","INUP","Ontario","Canada"
"389","Child Welfare League of Canada/Ligue pour la bien-être de l'enfance du Canada","CWLC","Ontario","Canada"
"390","Osteoporosis Canada (Toronto, Ontario)","OSOC","Ontario","Canada"
"391","Ovarian Cancer Canada (Vancouver, BC)/Cancer de l'ovaire Canada","OCCA","British Columbia","Canada"
"392","British Columbia Institute of Technology (Vancouver)","BCIT","British Columbia","Canada"
"393","Canadian Hospice Palliative Care Association (Ottawa)/L'Association canadienne de soins palliatifs (Ottawa)","CHPC","Ontario","Canada"
"394","National Native Addictions Partnership Foundation (Muskoday, Saskatchewan)/La fondation autochtone nat. de partenariat pour lutte contre dépendances","NNAP","Saskatchewan","Canada"
"395","Canadian Science Policy Centre (Toronto)","CSPO","Ontario","Canada"
"396","Canadian Stem Cell Foundation (Ottawa, Ontario)/La Fondation Canadienne de Cellules Souches","CSCF","Ontario","Canada"
"397","Association francophone pour le savoir (Montréal)","SAVO","Québec","Canada"
"398","Aurora Research Institute (Inuvik, NWT)","AURR","North West Territories","Canada"
"399","Canadian Gene Cure Foundation","CGCF","British Columbia","Canada"
"400","Rainbow Health Ontario (Toronto)","RAHO","Ontario","Canada"
"401","Université de Saint-Boniface (Manitoba)","CUSB","Manitoba","Canada"
"402","Northwood Care Inc. (Nova Scotia)","ORCA","Nova Scotia","Canada"
"403","Trillium Health Partners (Mississauga, ON)","TRIU","Ontario","Canada"
"404","Vancouver Coastal Health Authority","VCHA","British Columbia","Canada"
"405","Mental Health Commission of Canada (Calgary Office)","MHCB","Alberta","Canada"
"406","Conestoga College Institute of Technology & Advanced Learning (Kitchener)","COCO","Ontario","Canada"
"407","Canadian Association of Postdoctoral Scholars/Association Canadienne des Stagiares Post-doctoraux","CAPS","Québec","Canada"
"408","Dietitians of Canada (Ottawa, Ont)/Les diététistes du Canada","DICA","Ontario","Canada"
"409","Research Canada:  An Alliance for Healthy Discovery (Ottawa, Ont.)/Recherche Canada : Une alliance pour les découvertes en santé","CHRC","Ontario","Canada"
"410","Saskatchewan Inst. of Applied Science & Tech (SK)","ADWU","Saskatchewan","Canada"
"411","Cégep de Lévis (Lévis, Québec)","CLLA","Québec","Canada"
"412","Télé-université (Québec)","TELE","Québec","Canada"
"413","Ottawa Public Health (Ontario)","ADEY","Ontario","Canada"
"414","Algoma University (Sault Ste. Marie, Ontario)","ALUC","Ontario","Canada"
"415","Health Initiative For Men Society (Vancouver, BC)","HIMS","British Columbia","Canada"
"416","Diabetes Canada (Toronto, Ontario)","INRN","Ontario","Canada"
"417","Ovarian Cancer Canada (Montreal, QC)/Cancer de l'ovaire Canada (Montréal)","OVCC","Québec","Canada"
"418","Musée Armand-Frappier centre d'interprétation des biosciences (Laval, QC)","MAFR","Québec","Canada"
"419","Canadian Orthopaedic Foundation","CCOF","Ontario","Canada"
"420","Canadian Breast Cancer Foundation (Toronto, Ontario)","INRV","Ontario","Canada"
"421","Canadian Association of Cardiac Rehabilitation (Winnipeg)","CACR","Manitoba","Canada"
"422","Covenant Health (Edmonton)","COHE","Alberta","Canada"
"423","Society for Canadian Women in Science and Technology (Vancouver, BC)","SCWS","British Columbia","Canada"
"424","De-ba-jeh-mu-jig Theatre Group (Wikwemikong, Ont.)","ABTT","Ontario","Canada"
"425","Canadian Association of Occupational Therapists (Ottawa)","ADIC","Ontario","Canada"
"426","The de Veber Institute for Bioethics and Social Research (Toronto, Ont)","TDVI","Ontario","Canada"
"427","Italian Scientific Community in Canada (Montreal, QC)","ISCC","Québec","Canada"
"428","NSCAD University, Nova Scotia College of Art and Design","NSCU","Nova Scotia","Canada"
"429","Northern Ontario School of Medicine - East Campus/École de médecine du Nord de l'Ontario","NOWW","Ontario","Canada"
"430","AIDS Vancouver","AIDV","British Columbia","Canada"
"431","The Gairdner Foundation (Toronto)","GAIR","Ontario","Canada"
"432","Canadian Agency for Drugs and Technologies in Health (Ottawa)/Agence canadienne des médicaments et des technologies de la santé","CCOH","Ontario","Canada"
"433","Canadian Digital Media Network (Kitchener, Ontario)","CDMN","Ontario","Canada"
"434","GreenCentre Canada (Kingston, Ontario)","GCCA","Ontario","Canada"
"435","8738602 Canada Centre (Sudbury, Ontario)","UDMN","Ontario","Canada"
"436","8769532 Canada Center (Toronto, Ontario)","REMA","Ontario","Canada"
"437","Exactis Innovation (Quebec)/Innovation Exactis","CEBI","Québec","Canada"
"438","Ontario Spor Support Unit (Toronto, Ontario)","ONSP","Ontario","Canada"
"439","National Association of Friendship Centres (Ottawa, Ontario)","NAFC","Ontario","Canada"
"440","First Nations Health and Social Secretariat of Manitoba (Winnipeg)","FNHS","Manitoba","Canada"
"441","Bridgepoint Active Healthcare (Toronto, Ontario)","BRIH","Ontario","Canada"
"442","Human Frontier Science Program","HFSP","Unknown/Inconnu","France"
"443","Alliance for the Commercialization of Canadian Technologies (Calgary, AB)","ACCT","Alberta","Canada"
"444","Canadian Society for Clinical Investigation (Ottawa)","ABUO","Ontario","Canada"
"445","Ontario Shores Centre for Mental Health Sciences (Whitby, Ontario)","OSCM","Ontario","Canada"
"446","Pancreatic Cancer Canada  (Ottawa, Ontario)/Cancer du Pancréas Canada","PCCA","Ontario","Canada"
"447","Share Your Science (Québec, QC)","SHYS","Québec","Canada"
"448","New Brunswick Health Research Foundation (Fredericton, NB)","NBHF","New Brunswick","Canada"
"449","Nova Scotia Health Research Foundation","INYH","Nova Scotia","Canada"
"450","Network of Networks","TNON","Ontario","Canada"
"451","St. Mary's Hospital Center (Montreal)","CFAE","Québec","Canada"
"452","Alberta Health Services North Zone","AHNZ","Alberta","Canada"
"453","Crohn's and Colitis Foundation of Canada","INRP","Ontario","Canada"
"454","Active Aging Canada (Shelburne, Ontario)/Vieillire Activement Canada","ACLI","Ontario","Canada"
"455","HealthCareCAN (Ottawa, Ontario)/SoinsSantéCAN","HCAR","Ontario","Canada"
"456","Centre for Commercialization of Antibodies and Biologics (Toronto, Ont.)","CABI","Ontario","Canada"
"457","Centre of Excellence in Next Generation Networks (Ottawa, Ont)","CENG","Ontario","Canada"
"458","Accel - Rx Health Sciences Accelerator Society (Vancouver, BC)","ACRX","British Columbia","Canada"
"459","NeoMed Inc. (Montreal, QC)","NMEI","Québec","Canada"
"460","Michael Smith Foundation for Health Research","MSBC","British Columbia","Canada"
"461","Canadian Centre on Substance Abuse (Ottawa)","AECK","Ontario","Canada"
"462","Vancouver Infectious Diseases Centre (British Columbia)","VIDC","British Columbia","Canada"
"463","BC Academic Health Science Network Society","BCSN","British Columbia","Canada"
"464","Fanshawe College","AECY","Ontario","Canada"
"465","Canadian Academy of Health Sciences (Ottawa, Ontario)/Académie canadienne des sciences de la santé","CHSC","Ontario","Canada"
"466","North York General Hospital (Toronto)","NYGH","Ontario","Canada"
"467","Aboriginal Nurses Association of Canada","ANAC","Ontario","Canada"
"468","Kwantlen Polytechnic University (BC)","KWAN","British Columbia","Canada"
"469","George Brown College (Toronto)","ADEX","Ontario","Canada"
"470","Montréal International (Québec)","MTLI","Québec","Canada"
"471","Alberta Cancer Foundation","INSV","Alberta","Canada"
"472","Noojmowin Teg Health Centre","NOOT","Ontario","Canada"
"473","Royal Society of Canada (Ottawa)","AAFG","Ontario","Canada"
"474","World Health Organization (Switzerland)/Organisation mondiale de la santé","BADX","Unknown/Inconnu","Switzerland"
"475","British Columbia Institute of Technology (Burnaby)","AECX","British Columbia","Canada"
"476","University of The Fraser Valley (BC)","UCSV","British Columbia","Canada"
"477","The Society of Obstetricians and Gynaecologists of Canada, Ottawa/La Société des obstétriciens et gynécologues du Canada, Ottawa","SOGC","Ontario","Canada"
"478","Qaujigiartiit Health Research Centre (NU)","QAJU","Nunavut","Canada"
"479","Canadian Association on Gerontology (Toronto, Ontario)","ADYC","Ontario","Canada"
"480","MitoCanada (Burlington, ON)","MITO","Ontario","Canada"
"481","Saskatchewan HIV/AIDS Research Endeavor","SHRE","Saskatchewan","Canada"
"482","Collège Édouard-Montpetit (Longueuil, QC)","COEM","Québec","Canada"
"483","Canadian Bioethics Society (Montreal)/Société canadienne Bioéthique (Montréal)","CBSM","Québec","Canada"
"484","Canadian Organization for Rare Disorders (Toronto, Ontario)","CORD","Ontario","Canada"
"485","Montreal InVivo/Montréal InVivo","MIVV","Québec","Canada"
"486","Société québécoise de lipidologie, de nutrition & de métabolisme (Québec)","SQLN","Québec","Canada"
"487","Centre de réadaptation en dépendance de Montréal (Québec)","CRDM","Québec","Canada"
"488","Canadian Association for Neuroscience (Vancouver, BC)/Association canadienne des neurosciences","CAAS","British Columbia","Canada"
"489","La Cité collégiale (Ottawa, ON)","CITC","Ontario","Canada"
"490","Cégep régional de Lanaudière (Repentigny, Québec)","CRDL","Québec","Canada"
"491","New Brunswick Community College (Saint John)","NBRS","New Brunswick","Canada"
"492","Diabetes Canada (Ottawa, Ontario)","DCAN","Ontario","Canada"
"493","Canadian Association of Postdoctoral Administrators (Waterloo,ON)","CPOS","Ontario","Canada"
"494","Indigenous Diabetes Health Circle (Thorold, ON)","IDHC","Ontario","Canada"
"495","Southwestern Ontario Aboriginal Health Access Centre (London,ON)","SOAH","Ontario","Canada"
"496","MCMURRAY MÉTIS (Alberta)","MCMM","Alberta","Canada"
"497","Waypoint Centre for Mental Health Care (Ontario)","WCMH","Ontario","Canada"
"498","First Nations Health and Social Secretariat of Manitoba (Winnipeg)","FNHM","Manitoba","Canada"
"499","Sioux Lookout First Nations Health Authority (Sioux Lookout,ON)","SFNH","Ontario","Canada"
"500","Aboriginal Head Start Association of British Columbia (British-Columbia)","AHSA","British Columbia","Canada"
"501","The Alberta First Nations Information Governance Centre (Calgary)","AFNI","Alberta","Canada"
"502","MASKWACIS HEALTH SERVICES (Alberta)","MASK","Alberta","Canada"
"503","Nuu-Chah-Nulth Tribal Council (British Columbia)","NCNU","British Columbia","Canada"
"504","ABORIGINAL PHYSICAL ACTIVITY CULTURAL CIRCLE (Vancouver,BC)","APAC","British Columbia","Canada"
"505","MEDTEQ (Montréal, Québec)","MTEQ","Québec","Canada"
"506","Arctic Institute of Community-Based Research (Whitehorse, Yukon)","AICB","Yukon","Canada"
"507","The Partnership Group for Science and Engineering (Ottawa, ON)/Partenariat en faveur des sciences et de la technologie","PGSE","Ontario","Canada"
"508","The British Columbia Association of Community Response Networks (Surrey)","BRIC","British Columbia","Canada"
"509","New Brunswick Community College","NBRU","New Brunswick","Canada"
"510","Science and Policy Exchange (Montreal, QC)/Dialogue sciences et politiques","SPOE","Québec","Canada"
"511","Universities Canada (Ottawa, ON)/Universités Canada","AUCC","Ontario","Canada"
"512","Saskatchewan Health Authority (Saskatoon)","SAHA","Saskatchewan","Canada"
"513","Canadian Mennonite University (Winnipeg, MB)","CMUN","Manitoba","Canada"
"514","Sahtu Renewable Resources Board (Tuli´t'a, NT)","SRRB","North West Territories","Canada"
"515","Makivik Corporation (Kuujjuaq, Quebec)","MAKC","Québec","Canada"
"516","Institute for Clinical Evaluative Sciences-Toronto","AEAE","Ontario","Canada"
"517","Canadian Association for Graduate Studies (Ottawa, Ontario)","CAGS","Ontario","Canada"
"518","Canadian Institutes of Health Research (Ottawa, Ontario)/Instituts de recherche en santé du Canada (Ottawa, Ontario)","CIHR","Ontario","Canada"
"519","Métis Nation of Alberta (Edmonton)","MNAB","Alberta","Canada"
"520","Sickle Cell Foundation of Alberta","SCFA","Alberta","Canada"
"521","Red River College (Winnipeg, Manitoba)","RRCO","Manitoba","Canada"
"522","Cégep Saint Jérôme (Québec)","CPSJ","Québec","Canada"
"523","Concordia University of Edmonton","CONC","Alberta","Canada"
"524","Canadian Association of Research Libraries (Ottawa, Ontario)/Association des bibliothèques de recherche du Canada","CARL","Ontario","Canada"
"525","Ontario Public Health Association (Toronto)","OPUB","Ontario","Canada"
"526","Cégep de Drummondville (Québec)","CDRU","Québec","Canada"
"527","BC Women's Health Foundation","BCWH","British Columbia","Canada"
"528","U15 Group of Canadian Research Universities (Ottawa, ON)/Regroupement des universités de recherche du Canada","GOUC","Ontario","Canada"
"529","Realize (Toronto, ON)/Réalise (Toronto, ON)","RHIV","Ontario","Canada"
"530","Alberta Recreation & Parks Association","ARAP","Alberta","Canada"
"531","Friends of Ruby (Toronto, Ontario)","FROR","Ontario","Canada"
"532","Saskatchewan Polytechnic (SK)","SPOL","Saskatchewan","Canada"
"533","Ont. Federation of Indigenous Friendship Centres (Toronto, Ontario)","OFIF","Ontario","Canada"
"534","Creating Hope Society of Alberta","CHNP","Alberta","Canada"
"535","Liard Aboriginal Women's Society (LAWS)","LAWS","Yukon","Canada"
"536","Paq'tnkek Health Centre (Nova Scotia)","PHCA","Nova Scotia","Canada"
"537","Métis Nation of Greater Victoria","MNGV","British Columbia","Canada"
"538","Make Way (Vancouver, BC)","TCIA","British Columbia","Canada"
"539","Re$earch Money (Toronto, ON)","RESM","Ontario","Canada"
"540","College of New Caledonia (Prince George, BC)","CNCA","British Columbia","Canada"
"541","Humber College (Toronto)","IRWX","Ontario","Canada"
"542","NorQuest College (Edmonton, Alberta)","NORQ","Alberta","Canada"
"543","Seneca College (Toronto)","AARK","Ontario","Canada"
"544","Future Earth (Montreal, QC)","FUEA","Québec","Canada"
"545","Georgian College (Barrie, ON)","GEOC","Ontario","Canada"
"546","Justice Institute of British Columbia (New Westminster, BC)","JUIB","British Columbia","Canada"
"547","Royal Military College of Canada (Kingston)","AADI","Ontario","Canada"
"548","MacEwan University (Edmonton)","AEHO","Alberta","Canada"
"549","The King's University College (Edmonton, Alberta)","TKUC","Alberta","Canada"
"550","Communities, Alliances & Networks (Vancouver)/Communautés, alliances et réseaux","CABO","British Columbia","Canada"
"551","Red River College Polytechnic (Winnipeg, Manitoba)","RRCO","Manitoba","Canada"
"552","The Alberta First Nations Information Governance Centre (Calgary, Alberta)","AFNI","Alberta","Canada"
"553","Seneca College of Applied Arts and Technology (Toronto)","AARK","Ontario","Canada"
"554","Michael Smith Health Research BC","MSBC","British Columbia","Canada"
"555","Alberta Innovates (Edmonton)","INRC","Alberta","Canada"
"556","Northwest Territories SPOR Support Unit","NWTS","North West Territories","Canada"
"557","CÉGEP de Jonquière (Québec)","ADNP","Québec","Canada"
"558","Canadian Society of Pharmacology and Therapeutics (Ottawa, ON)","CSPT","Ontario","Canada"
"559","Life Sciences Ontario","LSOO","Ontario","Canada"
"560","Lambton College (Sarnia, ON)","LAMC","Ontario","Canada"
"561","Raven Indigenous Impact Foundation (Vancouver, BC)","RIIF","British Columbia","Canada"
"562","Schlegel-U of Waterloo Research Institute for Aging (Kitchener, Ontario)","SURI","Ontario","Canada"
"563","King's University College at Western University (London, Ontario)","AAWK","Ontario","Canada"
"564","Institut du Savoir Montfort (Ottawa, ON)","IRHM","Ontario","Canada"
"565","The Canadian Association for the Study of Liver","INVA","Alberta","Canada"
"566","AIDS Committee Of Cambridge, Kitchener, Waterloo & Area","ACCK","Ontario","Canada"
"567","GRIS-Montréal","GRIM","Québec","Canada"
"568","Sher Vancouver","SHER","British Columbia","Canada"
"569","Close Look United Foundation (Surrey, British Columbia)","CLOS","British Columbia","Canada"
"570","Divergenres (Québec)","DIVE","Québec","Canada"
"571","Northern Mosaic Network (Yellowknife, NWT)","RCYK","North West Territories","Canada"
"572","Gay & Grey Montréal","GMTL","Québec","Canada"
"573","Comité FrancoQueer de l'Ouest","CFQO","Alberta","Canada"
"574","TransEstrie (Québec)","TRES","Québec","Canada"
"575","AlterHeros (Montréal, Québec)/AlterHéros (Montréal, Québec)","HERO","Québec","Canada"
"576","The Enchanté Network (Edmonton, Alberta)/Le Réseau Enchanté (Edmonton, Alberta)","ENCH","Alberta","Canada"
"577","QTBIPOC sauga (Mississauga, Ontario)","QTBI","Ontario","Canada"
"578","Réseau de la santé sexuelle des Sourds du Québec (Montréal, Québec)/Réseau de la santé sexuelle des Sourds du Québec","RSSS","Québec","Canada"
"579","Eagle Canada (Toronto)","ECHR","Ontario","Canada"
"580","Wisdom2Action (Halifax and Nova Scotia)","WISD","Nova Scotia","Canada"
"581","Loch Lomond Villa Inc. (Saint-John's, NB)","LLVV","New Brunswick","Canada"
"582","Saint Elizabeth Health Care (Markham, Ontario)","SEHC","Ontario","Canada"
"583","Métis Nation of Ontario","MNOA","Ontario","Canada"
"584","INRS - Énergie Matériaux Télécommunications Research Centre (Varennes)/INRS - Centre Énergie Matériaux Télécommunications (Varennes)","AARN","Québec","Canada"
"585","The King's University (Edmonton, Alberta)","TKUC","Alberta","Canada"
